Workbook

Sheet INVOICE
A1: COMMERCIAL INVOICE
A3: SELLER/MANUFACTURER | F3: INVOICE NO : TS-260601-01
A4: DAEYANG ELECTRIC CO LTD | F4: INVOICE DATE : 1st.Jun.2026
A5: 16 Venture-ro 100beon-gil, Yeonsu-gu, | F5: L/C NO. & DATE
A6: Incheon, SOUTH KOREA. (22013)
A7: TEL: +82 32 830 5520 | F7: P/O NO. & DATE
A8: FAX: +82 32 830 5509
A9: CONSIGNEE | F9: BUYER(NOTIFY PARTY)
A10: HL Mando ANAND INDIA PVT LTD.
A11: Plot No : S1A & S5 , Sipcot Industrial Park
A12: Vengadu Village , Pillaipakkam Post | F12: SAME AS CONSIGNEE
A13: Sriperumbudur Taluk ,
A14: Kachipuram , Tamil Nadu- 602105
A15: PIC: rameshkumar.p
A16: Mobile: +91-9962434766
A17: e-mail : rameshkumar.p@hlcompany.com | F17: COUNTRY OF ORIGIN | H17: KOREA
F18: VESSEL / FLIGHT : FLIGHT
A19: FROM | B19: Incheon, KOREA | F19: TERMS OF DELIVERY & PAYMENT
A20: TO | B20: India | F20: Ex Works
A21: Category | C21: DESCRIPTION OF GOODS AND/OR SERVICE | G21: Q'TY (EA) | H21: U/PRICE (USD) | I21: AMOUNT (USD)
A24: Product | C24: SM100 Pressure sensor (BG6900Z000) | G24: 17578 | H24: 5.35 | I24: =G24*H24 -> 94042.3
A25: Brand | C25: SM110 Pressure sensor (BG69003800) | G25: 9306 | H25: 4.25 | I25: =G25*H25 -> 39550.5
C27: THE SEN
C29: - PALLET SIZE : 1.2MX1.0MX12cm, 7KG
C30: - BOX AMOUNT : 26EA
C31: - HS CODE : 9026.20.1190
C32: - Total gross weight : 228kg
A38: TOTAL AMOUNT : PALLET(1EA) BOX (26EA) USD $133,592.80
F40: SIGNED BY

Sheet Packing list
A1: PACKING LIST
A3: =INVOICE!A3 -> SELLER/MANUFACTURER | F3: =INVOICE!F3 -> INVOICE NO : TS-260601-01
A4: =INVOICE!A4 -> DAEYANG ELECTRIC CO LTD | F4: =INVOICE!F4 -> INVOICE DATE : 1st.Jun.2026
A5: =INVOICE!A5 -> 16 Venture-ro 100beon-gil, Yeonsu-gu, | F5: L/C NO. & DATE
A6: =INVOICE!A6 -> Incheon, SOUTH KOREA. (22013)
A7: =INVOICE!A7 -> TEL: +82 32 830 5520 | F7: P/O NO. & DATE
A8: =INVOICE!A8 -> FAX: +82 32 830 5509
A9: CONSIGNEE | F9: BUYER(NOTIFY PARTY)
A10: =INVOICE!A10 -> HL Mando ANAND INDIA PVT LTD.
A11: =INVOICE!A11 -> Plot No : S1A & S5 , Sipcot Industrial Park
A12: =INVOICE!A12 -> Vengadu Village , Pillaipakkam Post | F12: SAME AS CONSIGNEE
A13: =INVOICE!A13 -> Sriperumbudur Taluk ,
A14: =INVOICE!A14 -> Kachipuram , Tamil Nadu- 602105
A15: PIC: rameshkumar.p
A16: Mobile: +91-9962434766
A17: e-mail : rameshkumar.p@hlcompany.com | F17: COUNTRY OF ORIGIN | H17: KOREA
A18: =INVOICE!A18 -> 0 | F18: VESSEL / FLIGHT : FLIGHT
A19: FROM | B19: Incheon, KOREA | F19: TO | G19: India
A20: SHIPPING MARKS | B20: NO | C20: Description of Goods | E20: Unit | F20: Quantity | G20: Net Weight (g) | H20: Gross Weight (g) | I20: Remark
B22: 1 | C22: SM100 Pressure Sensor | E22: ea | F22: =INVOICE!G24 -> 17578 | G22: 5.2 | H22: =F22*G22 -> 91405.6
B23: 2 | C23: SM110 Pressure Sensor | E23: ea | F23: =SUM(INVOICE!G25:G26) -> 9306 | G23: 5.2 | H23: =F23*G23 -> 48391.2
B24: 2 | C24: PE Tray | E24: ea | F24: =F25*12 -> 312 | G24: 190 | H24: =G24*F24 -> 59280
B25: 3 | C25: Packing box | E25: ea | F25: =(F22+F23)/1034 -> 26 | G25: 850 | H25: =G25*F25 -> 22100
B26: 4 | C26: Pallet | E26: ea | F26: 1 | G26: 7200 | H26: =G26*F26 -> 7200
B27: Total gross weight | H27: =SUM(H22:H26) -> 228376.8
A28: Packing | B28: No | C28: Packing type | E28: Dimension L X W X H (cm) | G28: Quantity (ea) | H28: Gross Weight (kg) | I28: Remark
B29: 1 | C29: Pallet | E29: 120 x 100 x 12 | G29: =F26 -> 1 | H29: =H27/1000 -> 228.3768
