Workbook

Sheet INVOICE 
A1: COMMERCIAL INVOICE
A3: SELLER/MANUFACTURER | F3: INVOICE NO : TS-260511-01
A4: DAEYANG ELECTRIC CO LTD | F4: INVOICE DATE : 11-MAY-2026
A5: 16 Venture-ro 100beon-gil, Yeonsu-gu, | F5: L/C NO. & DATE
A6: Incheon, SOUTH KOREA. (22013)
A7: TEL: +82 32 830 5520 | F7: P/O NO. & DATE
A8: FAX: +82 32 830 5509 | F8: CGDD2512177314
A9: CONSIGNEE | F9: BUYER(NOTIFY PARTY)
A10: Shanghai Mingxuan International Trade CO., LTD | F10: NASN Automotive Technology (Hangzhou) Co., Ltd.
A11: Room 1102,No.228 Ningguo Road, Yangpu District, | F11: 358 Hongxing Road, Building 1,
A12: Shanghai, China. | F12: Xiaoshan District, Hangzhou, Zhejiang, China
F14: PIC: Debao.Chen
A15: PIC: 徐彩妮Annie | F15: Mobile: +86-18262408589
A16: Mobile: +86-18916480406 | F16: e-mail : debao.chen@nasn-auto.com
A17: e-mail : xucaini@shanghaimingxuan.com | F17: COUNTRY OF ORIGIN | H17: KOREA
F18: VESSEL / FLIGHT : VESSEL
A19: FROM | B19: Incheon, KOREA | F19: TERMS OF DELIVERY & PAYMENT
A20: TO | B20: Shanghai, China | F20: DAP
A21: Category | C21: DESCRIPTION OF GOODS AND/OR SERVICE | G21: Q'TY (EA) | H21: U/PRICE (USD) | I21: AMOUNT (USD)
A24: Product | C24: Pressure sensor (SNA120) | G24: 128216 | H24: 3.47 | I24: =G24*H24 -> 444909.52
A25: Brand | C25: THE SEN
C29: - PALLET SIZE | E29: 1.2MX1.0MX12cm, 7KG
C30: - BOX AMOUNT | E30: ='Packing list'!F24 -> 124
C31: - HS CODE : | E31: 8541.51.1000
C32: - Total gross weight (kg) | E32: ='Packing list'!H28 -> 1013.3432
C34: MADE IN KOREA
A36: TOTAL AMOUNT | C36: Pallet (ea) | D36: ='Packing list'!G28 -> 5 | E36: BOX (ea) | F36: ='Packing list'!F24 -> 124 | G36: USD | I36: =I24 -> 444909.52
F38: SIGNED BY

Sheet Packing list
A1: PACKING LIST
A3: SELLER/MANUFACTURER | F3: INVOICE NO : TS-260511-01
A4: DAEYANG ELECTRIC CO LTD | F4: INVOICE DATE : 11-MAY-2026
A5: 16 Venture-ro 100beon-gil, Yeonsu-gu, | F5: L/C NO. & DATE
A6: Incheon, SOUTH KOREA. (22013)
A7: TEL: +82 32 830 5520 | F7: P/O NO. & DATE
A8: FAX: +82 32 830 5509 | F8: ='INVOICE '!F8 -> CGDD2512177314
A9: CONSIGNEE | F9: BUYER(NOTIFY PARTY)
A10: Shanghai Mingxuan International Trade CO., LTD | F10: NASN Automotive Technology (Hangzhou) Co., Ltd.
A11: Room 1102,No.228 Ningguo Road, Yangpu District, | F11: 358 Hongxing Road, Building 1,
A12: Shanghai, China. | F12: Xiaoshan District, Hangzhou, Zhejiang, China
F14: ='INVOICE '!F14 -> PIC: Debao.Chen
A15: PIC: 徐彩妮Annie | F15: ='INVOICE '!F15 -> Mobile: +86-18262408589
A16: Mobile: +86-18916480406 | F16: ='INVOICE '!F16 -> e-mail : debao.chen@nasn-auto.com
A17: e-mail : xucaini@shanghaimingxuan.com | F17: COUNTRY OF ORIGIN | H17: KOREA
A18: FROM | B18: Incheon, KOREA | F18: ='INVOICE '!F18:I18 -> VESSEL / FLIGHT : VESSEL
A19: TO | B19: ='INVOICE '!B20:D20 -> Shanghai, China | F19: ='INVOICE '!F20 -> DAP
A20: SHIPPING MARKS | B20: NO | C20: Description of Goods | E20: Unit | F20: Quantity | G20: Net Weight (g) | H20: Gross Weight (g) | I20: Remark
A22: VESSEL | B22: 1 | C22: Pressure sensor (SNA120) | E22: ea | F22: ='INVOICE '!$G$24 -> 128216 | G22: 5.2 | H22: =F22*G22 -> 666723.2
B23: 2 | C23: PE Tray | E23: ea | F23: =F24*11 -> 1364 | G23: 155 | H23: =F23*G23 -> 211420
B24: 3 | C24: Box | E24: ea | F24: =ROUNDUP(F22/1034,0.1) -> 124 | G24: 800 | H24: =F24*G24 -> 99200
B25: 4 | C25: Pallet | E25: ea | F25: =ROUNDUP(F24/27,0.1) -> 5 | G25: 7200 | H25: =F25*G25 -> 36000
B26: Total gross weight | H26: =SUM(H22:H25) -> 1013343.2
A27: Packing | B27: No | C27: Packing type | E27: Dimension L X W X H (cm) | G27: Quantity (ea) | H27: Gross Weight (kg) | I27: Remark
B28: 1 | C28: Pallet | E28: 120 X 100 X 99 | G28: =F25 -> 5 | H28: =H26/1000 -> 1013.3432
G31: SIGNED BY
