Workbook

Sheet Invoice
A1: COMMERCIAL INVOICE
A3: SELLER/MANUFACTURER | F3: INVOICE NO : TS-260119-01
A4: DAEYANG ELECTRIC CO LTD | F4: INVOICE DATE : 19th.Jan.2026
A5: 16 Venture-ro 100beon-gil, Yeonsu-gu, | F5: L/C NO. & DATE
A6: Incheon, SOUTH KOREA. (22013)
A7: TEL: +82 32 830 5520 | F7: P/O NO. & DATE
A8: FAX: +82 32 830 5509
A9: CONSIGNEE | F9: BUYER(NOTIFY PARTY)
A10: HL Mando (Suzhou) Automotive System Co., Ltd.
A11: No.328 Mayun Road
A12: Suzhou New District, Jiangsu P.R.China, 215000
F13: SAME AS CONSIGNEE
A14: PIC: xianglan.liu
A15: TEL: +86-138-1264-4198
A16: e-mail : xianglan.liu@hlcompany.com | F16: COUNTRY OF ORIGIN | H16: KOREA
F17: VESSEL / FLIGHT : FLIGHT
A18: FROM | B18: Incheon, KOREA | F18: TERMS OF DELIVERY & PAYMENT
A19: TO | B19: Pudong, China | F19: DDU
A20: SHIPPING MARKS | B20: NO | C20: DESCRIPTION OF GOODS AND/OR SERVICE | G20: Q'TY (EA) | H20: U/PRICE (USD) | I20: AMOUNT (USD)
B23: 1 | C23: Pressure sensor | G23: 24816 | H23: 5.47 | I23: =G23*H23
C24: (BG6900Z000)
A25: AIR | B25: 2 | C25: Pressure sensor | G25: 2068 | H25: 4.27 | I25: =G25*H25
C26: (BG69003800)
C31: =" - Total gross weight : "&TEXT('Packing List'!I28/1000,"0.###")&"kg"
C32: - HS code : 9026.20
C33: =" - Box amount : "&TEXT('Packing List'!G26,"0")&"EA"
C34: =" - Pallet amount : "&TEXT('Packing List'!G27,"0")&"EA"
A36: ="TOTAL AMOUNT : BOX ("&TEXT('Packing List'!G26,"0")&"EA), Pallet ("&TEXT('Packing List'!G27,"0")&"EA) USD "&TEXT(SUM(I23,I25),"#,##0.00")
F40: SIGNED BY

Sheet Packing List
B1: PACKING LIST
B3: SELLER/MANUFACTURER | G3: =Invoice!F3
B4: DAEYANG ELECTRIC CO LTD | G4: =Invoice!F4
B5: 16 Venture-ro 100beon-gil, Yeonsu-gu, | G5: L/C NO. & DATE
B6: Incheon, SOUTH KOREA. (22013)
B7: TEL: +82 32 830 5520 | G7: P/O NO. & DATE
B8: FAX: +82 32 830 5509
B9: CONSIGNEE | G9: BUYER(NOTIFY PARTY)
B10: HL Mando (Suzhou) Automotive System Co., Ltd.
B11: No.328 Mayun Road
A12: Suzhou New District, Jiangsu P.R.China, 215000 | B12: Suzhou New District, Jiangsu P.R.China, 215000 | G12: SAME AS CONSIGNEE
B15: PIC: xianglan.liu
B16: TEL: +86-138-1264-4198
B17: e-mail : xianglan.liu@hlcompany.com | G17: COUNTRY OF ORIGIN | I17: KOREA
G18: VESSEL / FLIGHT : FLIGHT
B19: FROM | C19: Incheon, KOREA | G19: TO | H19: Pudong, China
B20: SHIPPING MARKS | C20: NO | D20: Description of Goods | F20: Unit | G20: Quantity | H20: Net Weight (g/ea) | I20: Gross Weight (g) | J20: Remark
C22: 2 | D22: BG69003800 | F22: ea | G22: 0 | H22: 5.2 | I22: =H22*G22
C23: 1 | D23: BG6900Z000 | F23: ea | G23: =Invoice!G23 | H23: 5.2 | I23: =H23*G23
C24: 2 | D24: BG69003800 | F24: ea | G24: =Invoice!G25 | H24: 5.2 | I24: =H24*G24
C25: 3 | D25: PE Tray | F25: ea | G25: =G26*12 | H25: 155 | I25: =H25*G25
C26: 4 | D26: Box | F26: ea | G26: =ROUNDUP((G23+G24)/1034,0) | H26: 4.52 | I26: =H26*G26 | M26: =M23/1034
C27: 5 | D27: Pallet | F27: ea | G27: =ROUNDUP(G26/27,0) | H27: 7200 | I27: =H27*G27
I28: =SUM(I22:I27)
G30: SIGNED BY
