Workbook

Sheet INVOICE
A1: COMMERCIAL INVOICE
A3: SHIPPER/MANUFACTURER | F3: INVOICE NO : TS-260504-01
A4: DAEYANG ELECTRIC CO LTD | F4: INVOICE DATE : 4th.May.2026
A5: 16 Venture-ro 100beon-gil, Yeonsu-gu, | F5: SELLER
A6: Incheon, SOUTH KOREA. (22013) | F6: 245 Jangpyeong-ro, Saha-gu, Busan, Republic of Korea (49438)
A7: TEL: +82 32 830 5520
A8: FAX: +82 32 830 5509 | F8: TEL: +82 2 3458 7634
A9: CONSIGNEE | F9: BUYER(NOTIFY PARTY)
A10: HL MANDO CORPORATION MEXICO SA DE CV
A11: BLVD. CAMPESTRE 301, ZONA INDUSTRIAL,
A12: ARTEAGA, COAH MEX. C.P. 25350 | F12: SAME AS CONSIGNEE
A13: RFC MCM150605IW9
A14: PIC: DONGWOOK KIM MOBILE: +52 81 3416 1187
A16: EMAIL: KIMDONG.WOOK@HLCOMPANY.COM | F16: COUNTRY OF ORIGIN | H16: KOREA
F17: VESSEL / FLIGHT : VESSEL
A18: FROM | B18: Incheon, KOREA | F18: TERMS OF DELIVERY & PAYMENT
A19: TO | B19: MEXICO | F19: CIF
A20: Category | C20: DESCRIPTION OF GOODS AND/OR SERVICE | G20: Q'TY (EA) | H20: U/PRICE (USD) | I20: AMOUNT (USD)
A22: Product | C22: Pressure sensor
A23: Brand | C23: THE SEN
A24: Model name | C24: SM100 | G24: 2068 | H24: 5.42 | I24: =G24*H24
A25: Part number | C25: BG6900Z000
A26: Model name | C26: SM110 | G26: 53768 | H26: 4.27 | I26: =G26*H26
A27: Part number | C27: BG69003800
C31: - PALLET SIZE : 1.2MX1.0MX12cm, 7KG
C32: =" - BOX AMOUNT : "&TEXT('Packing list'!F24,"0")&"EA"
C33: - HS CODE : 9026.20.1190
C34: =" - Total gross weight : "&TEXT('Packing list'!H26/1000,"0")&"kg"
A36: ="TOTAL AMOUNT : Pallet ("&TEXT('Packing list'!F25,"0")&"EA), BOX ("&TEXT('Packing list'!F24,"0")&"EA) USD "&TEXT(SUM(I24,I26),"#,##0.00")
F38: SIGNED BY

Sheet Packing list
A1: PACKING LIST
A3: =INVOICE!A3 | F3: =INVOICE!F3
A4: =INVOICE!A4 | F4: =INVOICE!F4
A5: =INVOICE!A5 | F5: SELLER
A6: =INVOICE!A6 | F6: 245 Jangpyeong-ro, Saha-gu, Busan, Republic of Korea (49438)
A7: =INVOICE!A7
A8: =INVOICE!A8 | F8: TEL: +82 2 3458 7634
A9: CONSIGNEE | F9: BUYER(NOTIFY PARTY)
A10: HL MANDO CORPORATION MEXICO SA DE CV
A11: BLVD. CAMPESTRE 301, ZONA INDUSTRIAL,
A12: ARTEAGA, COAH MEX. C.P. 25350 | F12: SAME AS CONSIGNEE
A13: RFC MCM150605IW9
A14: PIC: DONGWOOK KIM MOBILE: +52 81 3416 1187
A16: EMAIL: KIMDONG.WOOK@HLCOMPANY.COM | F16: COUNTRY OF ORIGIN | H16: KOREA
F17: VESSEL / FLIGHT : FLIGHT
A18: FROM | B18: Incheon, KOREA | F18: TO | G18: MEXICO
A19: SHIPPING MARKS | B19: NO | C19: Description of Goods | E19: Unit | F19: Quantity | G19: Net Weight (g) | H19: Gross Weight (g) | I19: Remark
B21: 1 | C21: SM100 | E21: ea | F21: =INVOICE!G24 | G21: 5.2 | H21: =G21*F21
B22: 2 | C22: SM110 | E22: ea | F22: =INVOICE!G26 | G22: 5.2 | H22: =G22*F22
B23: 3 | C23: PE Tray | E23: ea | F23: =F24*11 | G23: 155 | H23: =G23*F23
B24: 4 | C24: Box | E24: ea | F24: =ROUNDUP((F21+F22)/1034,0) | G24: 800 | H24: =G24*F24
B25: 5 | C25: Pallet | E25: ea | F25: =ROUNDUP(F24/27,0) | G25: 7200 | H25: =G25*F25
B26: Total gross weight | H26: =SUM(H21:H25)
